"","shp_binomial","tip.label","Taxon","...2","binomial","age","Latitude","Longitude"
"1","Aotus_brumbacki",NA,NA,NA,NA,NA,NA,NA
"2","Alouatta_pigra","Alouatta_pigra",NA,NA,NA,NA,NA,NA
"3","Alouatta_macconnelli","Alouatta_macconnelli",NA,NA,NA,NA,NA,NA
"4","Ateles_geoffroyi","Ateles_geoffroyi",NA,NA,NA,NA,NA,NA
"5","Alouatta_caraya","Alouatta_caraya",NA,NA,NA,NA,NA,NA
"6","Alouatta_ululata",NA,NA,NA,NA,NA,NA,NA
"7","Ateles_belzebuth","Ateles_belzebuth",NA,NA,NA,NA,NA,NA
"8","Ateles_marginatus",NA,NA,NA,NA,NA,NA,NA
"9","Alouatta_nigerrima","Alouatta_nigerrima",NA,NA,NA,NA,NA,NA
"10","Brachyteles_hypoxanthus","Brachyteles_hypoxanthus",NA,NA,NA,NA,NA,NA
"11","Lagothrix_cana","Lagothrix_cana",NA,NA,NA,NA,NA,NA
"12","Alouatta_arctoidea",NA,NA,NA,NA,NA,NA,NA
"13","Alouatta_palliata","Alouatta_palliata",NA,NA,NA,NA,NA,NA
"14","Lagothrix_lagotricha","Lagothrix_lagotricha",NA,NA,NA,NA,NA,NA
"15","Ateles_hybridus","Ateles_hybridus",NA,NA,NA,NA,NA,NA
"16","Oreonax_flavicauda",NA,NA,NA,NA,NA,NA,NA
"17","Alouatta_seniculus ssp. puruensis",NA,NA,NA,NA,NA,NA,NA
"18","Alouatta_guariba","Alouatta_guariba",NA,NA,NA,NA,NA,NA
"19","Brachyteles_arachnoides","Brachyteles_arachnoides",NA,NA,NA,NA,NA,NA
"20","Lagothrix_poeppigii",NA,NA,NA,NA,NA,NA,NA
"21","Alouatta_seniculus ssp. juara",NA,NA,NA,NA,NA,NA,NA
"22","Ateles_fusciceps","Ateles_fusciceps",NA,NA,NA,NA,NA,NA
"23","Lagothrix_lugens",NA,NA,NA,NA,NA,NA,NA
"24","Ateles_chamek","Ateles_chamek",NA,NA,NA,NA,NA,NA
"25","Ateles_paniscus","Ateles_paniscus",NA,NA,NA,NA,NA,NA
"26","Alouatta_belzebul","Alouatta_belzebul",NA,NA,NA,NA,NA,NA
"27","Alouatta_discolor",NA,NA,NA,NA,NA,NA,NA
"28","Alouatta_sara","Alouatta_sara",NA,NA,NA,NA,NA,NA
"29","Saguinus_martinsi","Saguinus_martinsi",NA,NA,NA,NA,NA,NA
"30","Mico_marcai",NA,NA,NA,NA,NA,NA,NA
"31","Mico_melanurus",NA,NA,NA,NA,NA,NA,NA
"32","Mico_mauesi","Mico_mauesi",NA,NA,NA,NA,NA,NA
"33","Callithrix_penicillata","Callithrix_penicillata",NA,NA,NA,NA,NA,NA
"34","Saguinus_geoffroyi","Saguinus_geoffroyi",NA,NA,NA,NA,NA,NA
"35","Cebuella_pygmaea","Cebuella_pygmaea",NA,NA,NA,NA,NA,NA
"36","Mico_rondoni",NA,NA,NA,NA,NA,NA,NA
"37","Leontopithecus_rosalia","Leontopithecus_rosalia",NA,NA,NA,NA,NA,NA
"38","Leontopithecus_chrysomelas","Leontopithecus_chrysomelas",NA,NA,NA,NA,NA,NA
"39","Mico_humilis",NA,NA,NA,NA,NA,NA,NA
"40","Mico_saterei",NA,NA,NA,NA,NA,NA,NA
"41","Saguinus_melanoleucus","Saguinus_melanoleucus",NA,NA,NA,NA,NA,NA
"42","Saguinus_leucopus",NA,NA,NA,NA,NA,NA,NA
"43","Saguinus_nigricollis","Saguinus_nigricollis",NA,NA,NA,NA,NA,NA
"44","Mico_emiliae","Mico_emiliae",NA,NA,NA,NA,NA,NA
"45","Mico_acariensis",NA,NA,NA,NA,NA,NA,NA
"46","Callithrix_flaviceps",NA,NA,NA,NA,NA,NA,NA
"47","Leontopithecus_chrysopygus","Leontopithecus_chrysopygus",NA,NA,NA,NA,NA,NA
"48","Saguinus_midas","Saguinus_midas",NA,NA,NA,NA,NA,NA
"49","Mico_chrysoleucos",NA,NA,NA,NA,NA,NA,NA
"50","Mico_leucippe",NA,NA,NA,NA,NA,NA,NA
"51","Saguinus_fuscicollis","Saguinus_fuscicollis",NA,NA,NA,NA,NA,NA
"52","Saguinus_inustus",NA,NA,NA,NA,NA,NA,NA
"53","Callithrix_jacchus","Callithrix_jacchus",NA,NA,NA,NA,NA,NA
"54","Leontopithecus_caissara",NA,NA,NA,NA,NA,NA,NA
"55","Callithrix_geoffroyi","Callithrix_geoffroyi",NA,NA,NA,NA,NA,NA
"56","Saguinus_oedipus","Saguinus_oedipus",NA,NA,NA,NA,NA,NA
"57","Mico_intermedius",NA,NA,NA,NA,NA,NA,NA
"58","Saguinus_mystax","Saguinus_mystax",NA,NA,NA,NA,NA,NA
"59","Saguinus_bicolor","Saguinus_bicolor",NA,NA,NA,NA,NA,NA
"60","Callithrix_aurita","Callithrix_aurita",NA,NA,NA,NA,NA,NA
"61","Saguinus_imperator","Saguinus_imperator",NA,NA,NA,NA,NA,NA
"62","Mico_humeralifer","Mico_humeralifer",NA,NA,NA,NA,NA,NA
"63","Saguinus_labiatus","Saguinus_labiatus",NA,NA,NA,NA,NA,NA
"64","Callimico_goeldii","Callimico_goeldii",NA,NA,NA,NA,NA,NA
"65","Callithrix_kuhlii","Callithrix_kuhlii",NA,NA,NA,NA,NA,NA
"66","Saguinus_tripartitus","Saguinus_tripartitus",NA,NA,NA,NA,NA,NA
"67","Mico_nigriceps",NA,NA,NA,NA,NA,NA,NA
"68","Mico_argentatus","Mico_argentatus",NA,NA,NA,NA,NA,NA
"69","Saguinus_niger",NA,NA,NA,NA,NA,NA,NA
"70","Cebus_albifrons","Cebus_albifrons",NA,NA,NA,NA,NA,NA
"71","Sapajus_nigritus",NA,NA,NA,NA,NA,NA,NA
"72","Saimiri_ustus","Saimiri_ustus",NA,NA,NA,NA,NA,NA
"73","Sapajus_apella","Sapajus_apella",NA,NA,NA,NA,NA,NA
"74","Saimiri_oerstedii","Saimiri_oerstedii",NA,NA,NA,NA,NA,NA
"75","Sapajus_flavius",NA,NA,NA,NA,NA,NA,NA
"76","Sapajus_cay",NA,NA,NA,NA,NA,NA,NA
"77","Saimiri_vanzolinii",NA,NA,NA,NA,NA,NA,NA
"78","Sapajus_xanthosternos","Sapajus_xanthosternos",NA,NA,NA,NA,NA,NA
"79","Saimiri_sciureus","Saimiri_sciureus",NA,NA,NA,NA,NA,NA
"80","Cebus_kaapori",NA,NA,NA,NA,NA,NA,NA
"81","Sapajus_macrocephalus",NA,NA,NA,NA,NA,NA,NA
"82","Sapajus_libidinosus","Sapajus_libidinosus",NA,NA,NA,NA,NA,NA
"83","Saimiri_boliviensis","Saimiri_boliviensis",NA,NA,NA,NA,NA,NA
"84","Sapajus_robustus","Sapajus_robustus",NA,NA,NA,NA,NA,NA
"85","Cacajao_calvus","Cacajao_calvus",NA,NA,NA,NA,NA,NA
"86","Callicebus_stephennashi",NA,NA,NA,NA,NA,NA,NA
"87","Pithecia_pithecia","Pithecia_pithecia",NA,NA,NA,NA,NA,NA
"88","Callicebus_nigrifrons","Callicebus_nigrifrons",NA,NA,NA,NA,NA,NA
"89","Cacajao_hosomi","Cacajao_hosomi",NA,NA,NA,NA,NA,NA
"90","Chiropotes_satanas",NA,NA,NA,NA,NA,NA,NA
"91","Callicebus_dubius",NA,NA,NA,NA,NA,NA,NA
"92","Callicebus_medemi",NA,NA,NA,NA,NA,NA,NA
"93","Callicebus_moloch","Callicebus_moloch",NA,NA,NA,NA,NA,NA
"94","Callicebus_lugens","Callicebus_lugens",NA,NA,NA,NA,NA,NA
"95","Callicebus_oenanthe",NA,NA,NA,NA,NA,NA,NA
"96","Pithecia_aequatorialis",NA,NA,NA,NA,NA,NA,NA
"97","Callicebus_cinerascens",NA,NA,NA,NA,NA,NA,NA
"98","Callicebus_lucifer",NA,NA,NA,NA,NA,NA,NA
"99","Callicebus_aureipalatii",NA,NA,NA,NA,NA,NA,NA
"100","Callicebus_ornatus",NA,NA,NA,NA,NA,NA,NA
"101","Callicebus_modestus",NA,NA,NA,NA,NA,NA,NA
"102","Callicebus_brunneus","Callicebus_brunneus",NA,NA,NA,NA,NA,NA
"103","Callicebus_barbarabrownae",NA,NA,NA,NA,NA,NA,NA
"104","Callicebus_coimbrai","Callicebus_coimbrai",NA,NA,NA,NA,NA,NA
"105","Callicebus_discolor",NA,NA,NA,NA,NA,NA,NA
"106","Chiropotes_chiropotes","Chiropotes_chiropotes",NA,NA,NA,NA,NA,NA
"107","Callicebus_olallae",NA,NA,NA,NA,NA,NA,NA
"108","Callicebus_bernhardi",NA,NA,NA,NA,NA,NA,NA
"109","Callicebus_caquetensis",NA,NA,NA,NA,NA,NA,NA
"110","Callicebus_pallescens",NA,NA,NA,NA,NA,NA,NA
"111","Chiropotes_albinasus",NA,NA,NA,NA,NA,NA,NA
"112","Pithecia_albicans",NA,NA,NA,NA,NA,NA,NA
"113","Callicebus_cupreus","Callicebus_cupreus",NA,NA,NA,NA,NA,NA
"114","Callicebus_hoffmannsi",NA,NA,NA,NA,NA,NA,NA
"115","Callicebus_torquatus","Callicebus_torquatus",NA,NA,NA,NA,NA,NA
"116","Callicebus_melanochir",NA,NA,NA,NA,NA,NA,NA
"117","Callicebus_personatus","Callicebus_personatus",NA,NA,NA,NA,NA,NA
"118","Callicebus_baptista",NA,NA,NA,NA,NA,NA,NA
"119","Callicebus_purinus",NA,NA,NA,NA,NA,NA,NA
"120","Callicebus_donacophilus","Callicebus_donacophilus",NA,NA,NA,NA,NA,NA
"121","Callicebus_caligatus","Callicebus_caligatus",NA,NA,NA,NA,NA,NA
"122","Callicebus_regulus",NA,NA,NA,NA,NA,NA,NA
"123","Chiropotes_utahickae",NA,NA,NA,NA,NA,NA,NA
"124",NA,"Alouatta_coibensis",NA,NA,NA,NA,NA,NA
"125",NA,"Alouatta_seniculus",NA,NA,NA,NA,NA,NA
"126",NA,"Aotus_azarae",NA,NA,NA,NA,NA,NA
"127",NA,"Aotus_griseimembra",NA,NA,NA,NA,NA,NA
"128",NA,"Aotus_infulatus",NA,NA,NA,NA,NA,NA
"129",NA,"Aotus_lemurinus",NA,NA,NA,NA,NA,NA
"130",NA,"Aotus_nancymaae",NA,NA,NA,NA,NA,NA
"131",NA,"Aotus_nigriceps",NA,NA,NA,NA,NA,NA
"132",NA,"Aotus_trivirgatus",NA,NA,NA,NA,NA,NA
"133",NA,"Aotus_vociferans",NA,NA,NA,NA,NA,NA
"134",NA,"Cacajao_ayresi",NA,NA,NA,NA,NA,NA
"135",NA,"Cacajao_melanocephalus",NA,NA,NA,NA,NA,NA
"136",NA,"Callicebus_hoffmansi",NA,NA,NA,NA,NA,NA
"137",NA,"Cebus_capucinus",NA,NA,NA,NA,NA,NA
"138",NA,"Cebus_olivaceus",NA,NA,NA,NA,NA,NA
"139",NA,"Chiropotes_israelita",NA,NA,NA,NA,NA,NA
"140",NA,"Chiropotes_utahicki",NA,NA,NA,NA,NA,NA
"141",NA,"Pithecia_irrorata",NA,NA,NA,NA,NA,NA
"142",NA,"Pithecia_monachus",NA,NA,NA,NA,NA,NA
"143",NA,"Saguinus_graellsi",NA,NA,NA,NA,NA,NA
"144",NA,"Perupithecus_ucayaliensis","Perupithecus","ucayaliensis","Perupithecus_ucayaliensis",37.5,-9.5,-72.8
"145",NA,"Canaanimico_amazonensis","Canaanimico","amazonensis","Canaanimico_amazonensis",26.56,-7.5,-75
"146",NA,"Panamacebus_transitus","Panamacebus","transitus","Panamacebus_transitus",20.93,9,-79.7
"147",NA,"Szalatavus_attricuspis","Szalatavus","attricuspis","Szalatavus_attricuspis",26.42,-17.1,-67.6
"148",NA,"Branisella_boliviana","Branisella","boliviana","Branisella_boliviana",26.42,-17.1,-67.6
"149",NA,"Chilecebus_carrascoensis","Chilecebus","carrascoensis","Chilecebus_carrascoensis",20.09,-34.9,-70.4
"150",NA,"Dolichocebus_gaimanensis","Dolichocebus","gaimanensis","Dolichocebus_gaimanensis",20,-43.4,-65.5
"151",NA,"Tremacebus_harringtoni","Tremacebus","harringtoni","Tremacebus_harringtoni",20,-42.5,-68.3
"152",NA,"Mazzonicebus_almendrae","Mazzonicebus","almendrae","Mazzonicebus_almendrae",20,-45.7,-68.7
"153",NA,"Soriacebus_ameghinorum","Soriacebus","ameghinorum","Soriacebus_ameghinorum",17,-47,-70.7
"154",NA,"Carlocebus_carmenensis","Carlocebus","carmenensis","Carlocebus_carmenensis",17,-47,-70.7
"155",NA,"Homunculus_patagonicus","Homunculus","patagonicus","Homunculus_patagonicus",16.5,-51.2,-69.1
"156",NA,"Killikaike_blakei","Killikaike","blakei","Killikaike_blakei",16.5,-51.6,-69.4
"157",NA,"Proteropithecia_neuquenensis","Proteropithecia","neuquenensis","Proteropithecia_neuquenensis",15.7,-40,-70.2
"158",NA,"Cebupithecia_sarmientoi","Cebupithecia","sarmientoi","Cebupithecia_sarmientoi",12.5,-3.2,-75.2
"159",NA,"Nuciruptor_rubricae","Nuciruptor","rubricae","Nuciruptor_rubricae",12.5,-3.2,-75.2
"160",NA,"Laventiana_annectens","Laventiana","annectens","Laventiana_annectens",12.5,-3.2,-75.2
"161",NA,"Neosaimiri_fieldsi","Neosaimiri","fieldsi","Neosaimiri_fieldsi",12.5,-3.2,-75.2
"162",NA,"Aotus_dindensis","Aotus","dindensis","Aotus_dindensis",12.5,-3.2,-75.2
"163",NA,"Stirtonia_tatacoensis","Stirtonia","tatacoensis","Stirtonia_tatacoensis",12.5,-3.2,-75.2
"164",NA,"Stirtonia_victoriae","Stirtonia","victoriae","Stirtonia_victoriae",12.5,-3.2,-75.2
"165",NA,"Lagonimico_conclucatus","Lagonimico","conclucatus","Lagonimico_conclucatus",12.5,-3.2,-75.2
"166",NA,"Miocallicebus_villaviejai","Miocallicebus","villaviejai","Miocallicebus_villaviejai",12.5,-3.2,-75.2
"167",NA,"Mohanamico_hershkovitzi","Mohanamico","hershkovitzi","Mohanamico_hershkovitzi",12.5,-3.2,-75.2
"168",NA,"Micodon_kyotensis","Micodon","kyotensis","Micodon_kyotensis",12.5,-3.2,-75.2
"169",NA,"Patasola_magdalenae","Patasola","magdalenae","Patasola_magdalenae",12.5,-3.2,-75.2
"170",NA,"Insulacebus_toussentiana","Insulacebus","toussentiana","Insulacebus_toussentiana",0.01,18.3,-74.1
"171",NA,"Xenothrix_mcgregori","Xenothrix","mcgregori","Xenothrix_mcgregori",0.002,17.7,-77.2
"172",NA,"Antillothrix_bernensis","Antillothrix","bernensis","Antillothrix_bernensis",1.32,18.4,-68.6
"173",NA,"Paralouatta_varonai","Paralouatta","varonai","Paralouatta_varonai",1.255,22.4,-83.7
"174",NA,"Cartelles_coimbrafilhoi","Cartelles","coimbrafilhoi","Cartelles_coimbrafilhoi",0.02,-10.2,-40.9
"175",NA,"Caipora_bambuiorum","Caipora","bambuiorum","Caipora_bambuiorum",0.02,-10.2,-40.9
"176",NA,"Solimoea_acrensis","Solimoea","acrensis","Solimoea_acrensis",7.5,-10.9,-69.9
"177",NA,"Acrecebus_fraileyi","Acrecebus","fraileyi","Acrecebus_fraileyi",7.5,-10.9,-69.9
